,Restaurant_id,Name,Locality,Address,City,Latitude,Longitude,Price Range,Average Cost for two,User Rating,Rating Text,Votes,all_reviews_count,Cuisines
33,16587626,Mandoo,"Bank Street, City Centre","3/26 Bank Street, Adelaide, SA",Adelaide,-34.92251754,138.5974917,2,45,4.8,Excellent,764,290,"Korean, Dumplings"
98,16589254,127 Days,Croydon Park,"127 Days Road, Croydon Park, Adelaide",Adelaide,-34.8758456,138.5663751,2,50,4.7,Excellent,267,123,"American, Burger, Sandwich"
41,16587409,Indian Temptations,"Main North Road, Enfield","490 Main North Road, Blair Athol",Adelaide,-34.85263056,138.6004333,2,50,4.8,Excellent,403,156,Indian
79,16587463,Parwana Afghan Restaurant,"Henley Beach Road, Torrensville","124b Henley Beach Road, Torrensville, Adelaide",Adelaide,-34.92373611,138.5674583,3,80,4.7,Excellent,607,188,"Middle Eastern, Afghan"
99,16587476,Kefi Greek Cuisine,"Tapleys Hill Road, Glenelg North","3 61 Tapleys Hill Road, Glenelg North, Adelaide",Adelaide,-34.97032143,138.5169587,3,80,4.7,Excellent,259,92,Greek
86,16586909,Enzo's Ristorante,"Port Road, Hindmarsh","46 Port Road, Hindmarsh, Adelaide",Adelaide,-34.908092,138.575577,4,100,4.7,Excellent,425,136,Italian
18,16588873,Peel St,"Peel Street, City Centre","9 Peel Street, City Centre, Adelaide",Adelaide,-34.92338056,138.5979472,4,110,4.9,Excellent,391,156,"Asian, Middle Eastern, Modern Australian"
20,16588993,Orana,"Rundle Street, City Centre","285 Rundle Street, Adelaide",Adelaide,-34.922626,138.610128,4,350,4.9,Excellent,153,78,Australian
90,16590773,Just Poppy's,Riverhills Plaza,"Riverhills Plaza, Shop 4, 20 Bogong Street, Riverhills, Brisbane",Brisbane,-27.55917315,152.9115538,2,40,4.7,Excellent,368,137,Burger
36,16590678,Oishii Sushi Bar,Sunnybank Hills,"Shop 2, 70 Pinelands Road, Sunnybank Hills, Brisbane",Brisbane,-27.59106761,153.0605843,2,40,4.8,Excellent,720,192,"Japanese, Sushi"
45,16590663,Grill'd - Rosalie,Rosalie Village,"Rosalie Village, Shop 19, 21 Nash Street, Paddington, Brisbane",Brisbane,-27.46548744,152.9970586,2,40,4.8,Excellent,263,55,Burger
80,16591194,Hosokawa Japanese Restaurant,Hamilton,"Shop 3, 53 Racecourse Road, Hamilton, Brisbane",Brisbane,-27.43740052,153.0650935,3,60,4.7,Excellent,600,189,"Japanese, Sushi"
95,16590137,Zum Kaiser,Woolloongabba,"416 Vulture Street, Woolloongabba, Brisbane",Brisbane,-27.48447677,153.0368625,3,60,4.7,Excellent,296,83,German
83,16594075,Bird's Nest Yakitori,South Brisbane,"Shop 5, 220 Melbourne Street, South Brisbane, Brisbane",Brisbane,-27.4769737,153.013064,3,80,4.7,Excellent,490,188,"Asian, Japanese, Tapas"
12,16595540,Julius Pizzeria,South Brisbane,"77 Grey Street, South Brisbane, Brisbane",Brisbane,-27.47362222,153.017962,3,80,4.9,Excellent,493,180,"Pizza, Italian"
13,16593535,Rogue Bistro,Newstead,"14 Austin Street, Newstead, Brisbane",Brisbane,-27.44589441,153.0443734,4,140,4.9,Excellent,491,205,Modern Australian
75,16592896,Gerard's Bistro,Fortitude Valley,"Shop 14, 15 James Street, Fortitude Valley, Brisbane",Brisbane,-27.45659967,153.0390626,4,200,4.7,Excellent,637,276,Middle Eastern
92,16589882,85 Miskin St,Toowong,"85 Miskin Street, Toowong, Brisbane",Brisbane,-27.48551213,152.9835925,4,200,4.7,Excellent,308,138,"French, Modern Australian"
30,16571744,Lentil As Anything,Abbotsford,"1-3 St Heliers Street, Abbotsford, Melbourne",Melbourne,-37.80270483,145.0035664,1,25,4.8,Excellent,976,247,"Vegetarian, Vegan"
66,16570683,A1 Bakery,Brunswick,"643-645 Sydney Road, Brunswick, Melbourne",Melbourne,-37.76203943,144.9628776,2,30,4.7,Excellent,916,248,"Bakery, Middle Eastern"
8,16574138,Suzuran,Camberwell,"1025 Burke Road, Camberwell, Melbourne",Melbourne,-37.82176452,145.0584645,2,35,4.9,Excellent,805,194,"Japanese, Sushi"
62,16572845,Pho Hung Vuong Saigon,Footscray,"128 Hopkins Street, Footscray, Melbourne",Melbourne,-37.79981592,144.9006504,2,40,4.7,Excellent,1102,362,"Vietnamese, Pho"
97,16574463,Katik Take Away Food,Campbellfield,"349 Barry Road, Campbellfield, Melbourne, VIC",Melbourne,-37.66687402,144.9482334,2,40,4.7,Excellent,284,109,"Middle Eastern, Turkish"
7,16575846,Pho Hung Vuong Springvale,Springvale,"Shop 2, 15 Balmoral Avenue, Springvale, Melbourne",Melbourne,-37.94940921,145.1510185,2,40,4.9,Excellent,923,305,"Vietnamese, Pho"
27,16573311,The Proud Peacock,Mount Waverley,"28 Hamilton Place, Mount Waverley, Melbourne",Melbourne,-37.8759681,145.1287894,2,45,4.8,Excellent,1353,625,"Chinese, Thai, Vietnamese"
51,16585400,Hakata Gensuke Ramen Professionals,CBD,"168 Russell Street, CBD, Melbourne",Melbourne,-37.81233608,144.9680422,3,50,4.7,Excellent,2334,843,"Ramen, Japanese"
74,16573923,Aoba,Malvern,"279 Glenferrie Road, Malvern, Melbourne",Melbourne,-37.85698673,145.0291386,3,50,4.7,Excellent,637,194,Japanese
76,16570691,The Abyssinian,Flemington,"277 Racecourse Road, Flemington, Melbourne",Melbourne,-37.78853208,144.9318388,3,60,4.7,Excellent,632,201,"African, Ethiopian"
85,16573158,Fresh Chilli Thai Restaurant,Laverton,"Shop 11, 5 Aviation Road, Laverton, Melbourne",Melbourne,-37.86743855,144.7619232,3,60,4.7,Excellent,464,193,"Asian, Thai"
46,16571710,Laksa King,Flemington,"6-12 Pin Oak Crescent, Flemington, Melbourne",Melbourne,-37.78779575,144.9294969,3,70,4.7,Excellent,4967,1302,"Malaysian, Chinese"
72,16577899,Myong Tofu,Flemington,"314 Racecourse Road, Flemington, Melbourne",Melbourne,-37.78810762,144.9302398,3,70,4.7,Excellent,694,312,"Malaysian, Chinese"
49,16582069,Jinda Thai Restaurant,Abbotsford,"7 Ferguson Street, Abbotsford, Melbourne",Melbourne,-37.80930875,144.9923685,3,80,4.7,Excellent,3231,1031,Thai
53,16582573,Mr. Miyagi,Windsor,"99 Chapel Street, Windsor, Melbourne, VIC",Melbourne,-37.85425719,144.9928734,3,80,4.7,Excellent,2022,905,"Asian, Japanese"
77,16580906,Milk the Cow,St Kilda,"157 Fitzroy Street, St Kilda, Melbourne, VIC",Melbourne,-37.85888233,144.9794899,3,80,4.7,Excellent,631,256,Bar Food
21,16582887,Rice Paper Scissors,CBD,"15, Hardware Lane, CBD, Melbourne",Melbourne,-37.814313,144.961402,3,80,4.8,Excellent,2565,991,"Asian Fusion, Tapas"
32,16579337,Aka Siro,Collingwood,"106, Cambridge Street, Collingwood, Melbourne",Melbourne,-37.80515627,144.9855748,3,80,4.8,Excellent,841,236,Japanese
34,17868098,Bahari The Hellenic Palate,Richmond,"179 Swan Street, Richmond, Melbourne, VIC",Melbourne,-37.82558769,144.997574,3,80,4.8,Excellent,755,394,Greek
58,16571144,Claypots Seafood Bar,St Kilda,"213 Barkly Street, St Kilda, Melbourne, VIC",Melbourne,-37.86996406,144.9806107,3,90,4.7,Excellent,1336,356,Seafood
54,16572254,Rumi Brunswick,Brunswick,"116 Lygon Street, East Brunswick, Melbourne",Melbourne,-37.77484212,144.9712652,4,100,4.7,Excellent,1792,470,Middle Eastern
24,16580129,Yeonga Korean BBQ Restaurant,North Melbourne,"1 Cobden Street, North Melbourne, Melbourne",Melbourne,-37.80563892,144.9570951,4,100,4.8,Excellent,1565,520,"Korean BBQ, Korean, BBQ"
2,17881527,Dexter,Preston,"456 High Street, Preston, Melbourne",Melbourne,-37.73619565,145.0044562,4,110,4.9,Excellent,1473,684,"American, BBQ"
48,16571938,MoVida Bar De Tapas,CBD,"1 Hosier Lane, CBD, Melbourne",Melbourne,-37.81670269,144.9691895,4,120,4.7,Excellent,4323,899,"Spanish, Tapas"
65,16582991,Sezar,CBD,"6 Melbourne Place, CBD, Melbourne",Melbourne,-37.81343477,144.9688999,4,120,4.7,Excellent,944,410,Middle Eastern
31,16574371,Railway Club Hotel Port Melbourne,Port Melbourne,"107 Raglan Street, Port Melbourne, Melbourne",Melbourne,-37.83380379,144.9444773,4,120,4.8,Excellent,862,308,"Steak, Pub Food"
59,16578925,Hell of the North,Fitzroy,"135 Greeves Street, Fitzroy, Melbourne",Melbourne,-37.80033516,144.9835487,4,135,4.7,Excellent,1335,418,"French, European"
55,16572325,Shoya Nouvelle Wafu Cuisine,CBD,"25 Market Lane, CBD, Melbourne",Melbourne,-37.81178089,144.9692288,4,140,4.7,Excellent,1511,387,"Japanese, Sushi, Japanese BBQ"
47,16571189,Cumulus Inc.,CBD,"Ground Level, 45 Flinders Lane, CBD, Melbourne",Melbourne,-37.81479435,144.9731357,4,150,4.7,Excellent,4951,1125,"Modern European, Contemporary"
60,16583132,Wagyu Ya,South Yarra,"156 Toorak Road, South Yarra, Melbourne",Melbourne,-37.83907098,144.991419,4,150,4.7,Excellent,1116,385,"Japanese, Steak, Japanese BBQ"
70,16577621,Komeyui,South Melbourne,"181 Ferrars Street, South Melbourne, Melbourne",Melbourne,-37.830288,144.953843,4,150,4.7,Excellent,769,245,"Japanese, Japanese BBQ"
23,16572320,Shira Nui,Glen Waverley,"247 Springvale Road, Glen Waverley, Melbourne",Melbourne,-37.87881988,145.1657683,4,150,4.8,Excellent,1634,420,"Sushi, Japanese"
28,16572155,Punch Lane,CBD,"43 Little Bourke Street, CBD, Melbourne",Melbourne,-37.8108117,144.9713501,4,150,4.8,Excellent,1089,429,"Mediterranean, Modern Australian"
1,16585905,Tipo 00,CBD,"361 Little Bourke Street, CBD, Melbourne",Melbourne,-37.81352774,144.9619734,4,150,4.9,Excellent,1927,717,Italian
56,16571694,La Luna Bistro,Carlton North,"320 Rathdowne Street, Carlton North, Melbourne",Melbourne,-37.79113343,144.9718352,4,160,4.7,Excellent,1450,415,"Modern Australian, Steak, Mediterranean"
16,16575773,Scopri Italian Food & Wine,Carlton,"191, Nicholson Street, Carlton, Melbourne",Melbourne,-37.79571828,144.9751149,4,180,4.9,Excellent,458,193,Italian
52,16573067,Cutler & Co,Fitzroy,"55-57 Gertrude Street, Fitzroy, Melbourne",Melbourne,-37.80557057,144.975943,4,200,4.7,Excellent,2075,569,Modern Australian
69,16570870,Bistro Thierry,Toorak,"511 Malvern Road, Toorak, Melbourne, VIC",Melbourne,-37.84824424,145.0038185,4,200,4.7,Excellent,799,242,French
73,16571541,Il Bacaro Cucina e Bar,CBD,"168-170 Little Collins Street, CBD, Melbourne",Melbourne,-37.81391896,144.9680127,4,200,4.7,Excellent,682,219,Italian
71,16571855,Matteo's Restaurant,Fitzroy North,"533, Brunswick Street, Fitzroy North, Melbourne",Melbourne,-37.79116496,144.9795908,4,280,4.7,Excellent,755,262,"Asian, Fusion"
50,16571812,Maha Restaurant,CBD,"21 Bond Street, CBD, Melbourne",Melbourne,-37.81816682,144.9626845,4,300,4.7,Excellent,2638,929,Middle Eastern
9,16586014,Minamishima,Richmond,"4 Lord Street, Richmond, Melbourne, VIC",Melbourne,-37.81983142,145.0051938,4,450,4.9,Excellent,748,290,"Japanese, Sushi"
25,16570775,Attica,Ripponlea,"74 Glen Eira Road, Ripponlea, Melbourne",Melbourne,-37.87692426,144.9973122,4,600,4.8,Excellent,1485,491,"Australian, Contemporary"
0,16572612,Vue de monde,CBD,"Level 55, Rialto, 525 Collins Street, CBD, Melbourne",Melbourne,-37.8189545,144.9579336,4,600,4.9,Excellent,3225,986,"Australian, Contemporary"
10,16597513,Pacific Rim Mix Plate,Applecross,"Shop B, 755 Canning Highway, Applecross, Melville, Perth",Perth,-32.02190011,115.8322873,2,40,4.9,Excellent,732,211,"Hawaiian, Japanese"
61,16596238,Nao Japanese,"Hay Street, Perth CBD","Equus, 580 Hay Street, Perth",Perth,-31.95463432,115.8609222,2,50,4.7,Excellent,1107,343,"Japanese, Ramen"
89,16597994,Shou Japanese Kitchen,Greenwood,"Shop 24, 18 Calectasia Street, Greenwood, Perth",Perth,-31.831055,115.801811,2,50,4.7,Excellent,411,157,Japanese
94,16597908,Solo Pizza,"Coode Street, South Perth","Shop 5, 135A Coode Street, South Perth, Perth",Perth,-31.98812892,115.8621296,2,50,4.7,Excellent,307,141,"Coffee and Tea, Italian, Pizza"
6,16598837,Run Amuk,"Orient Street, South Fremantle","386A South Terrace, South Fremantle, Fremantle, Perth",Perth,-32.07227687,115.7530652,2,50,4.9,Excellent,1038,340,Fast Food
5,16596036,Ha-Lu,"Oxford Street, Leederville","4/401 Oxford Street, Mount Hawthorn, Perth",Perth,-31.92337732,115.8411463,3,60,4.9,Excellent,1066,241,"Japanese, Tapas"
35,16596002,Galileo Buona Cucina,Shenton Park,"199 Onslow Road, Shenton Park, Perth",Perth,-31.960976,115.812233,3,90,4.8,Excellent,725,205,Italian
67,16597030,Prego Restaurant,Floreat,"440 Cambridge Street, Floreat, Perth",Perth,-31.94074654,115.8015542,4,120,4.7,Excellent,915,408,"Italian, Mediterranean"
64,16596244,Nine Fine Food,Perth CBD,"227 Bulwer Street, Perth CBD, Perth",Perth,-31.94030953,115.861688,4,150,4.7,Excellent,962,291,"Japanese, Modern Australian"
40,16595880,Chez Pierre,Nedlands,"131 Stirling Highway, Nedlands, Nedlands & Dalkeith, Perth",Perth,-31.979958,115.798027,4,150,4.8,Excellent,489,236,French
81,16598265,Petite Mort,Shenton Park,"225 Onslow Road, Shenton Park, Perth",Perth,-31.961018,115.81147,4,250,4.7,Excellent,554,269,"European, French, Modern Australian"
22,16598168,Nobu Perth,Burswood,"Crown Metropol Perth, Great Eastern Highway, Burswood",Perth,-31.96052553,115.8940254,4,410,4.8,Excellent,1822,659,"Japanese, Sushi"
82,16558689,Pasticceria Papa,Haberfield,"145 Ramsay Street, Haberfield, Sydney",Sydney,-33.88091428,151.1397294,1,20,4.7,Excellent,516,170,"Coffee and Tea, Italian, Cafe Food"
57,16562756,Mappen Noodle Restaurant,"SkyView Shopping Plaza, CBD","Shop 11, Skyview Shopping Plaza, 537-551 George Street, CBD, Sydney",Sydney,-33.87613439,151.205872,1,25,4.7,Excellent,1372,363,"Japanese, Asian"
88,16558417,Malay Chinese Takeaway,CBD,"Shop 1, 50-58 Hunter Street, CBD, Sydney",Sydney,-33.86597221,151.2096405,2,35,4.7,Excellent,418,155,"Chinese, Malaysian"
15,16559140,Tan Viet Noodle House,Cabramatta,"Shop 2-3, 100 John Street, Cabramatta, Sydney",Sydney,-33.8950411,150.9341629,2,35,4.9,Excellent,463,182,"Asian, Vietnamese"
87,16570446,Belly Bao,Newtown,"184 King Street, Newtown, Sydney",Sydney,-33.89449952,151.1825656,2,40,4.7,Excellent,419,199,"Taiwanese, Street Food"
43,15544520,Five Points Burgers,North Sydney,"124 Walker Street, North Sydney, Sydney",Sydney,-33.83724377,151.209031,2,40,4.8,Excellent,332,169,"Burger, American"
14,15545439,Manpuku,Chatswood,"226 Victoria Avenue, Chatswood, Sydney",Sydney,-33.79441748,151.189542,2,40,4.9,Excellent,486,190,"Japanese, Ramen"
68,16558906,Ryo's Noodles,Crows Nest,"125 Falcon Street, Crows Nest, Sydney",Sydney,-33.828515,151.206632,2,50,4.7,Excellent,818,256,"Japanese, Ramen"
78,16557237,Bar Luca,CBD,"52 Phillip Street, CBD, Sydney",Sydney,-33.86402037,151.2119308,3,60,4.7,Excellent,624,305,"Burger, Modern Australian"
93,16558886,Rosso Pomodoro,Balmain,"20-24 Buchanan Street, Balmain, Sydney",Sydney,-33.86341819,151.1801553,3,60,4.7,Excellent,307,98,"Italian, Pizza, Vegetarian"
37,16564699,The Baxter Inn,CBD,"Basement, 152-156 Clarence Street, CBD, Sydney",Sydney,-33.86974799,151.2056279,3,60,4.8,Excellent,701,142,Bar Food
38,17744148,Ho Jiak Haymarket 好吃禧市,Haymarket,"92 Hay Street, Chinatown, Haymarket, Sydney",Sydney,-33.87936638,151.2040541,3,70,4.8,Excellent,553,218,"Malaysian, Asian, Chinese, Asian Fusion, Singaporean"
39,16562527,Bistro Papillon,CBD,"98 Clarence Street, CBD, Sydney",Sydney,-33.86803593,151.2053141,3,80,4.8,Excellent,505,155,French
63,16559190,Thai Pothong,Newtown,"294 King Street, Newtown, Sydney",Sydney,-33.89674733,151.1796621,4,100,4.7,Excellent,1031,289,Thai
91,16564943,Claire's Kitchen at Le Salon,Surry Hills,"35 Oxford Street, Surry Hills, Sydney",Sydney,-33.87795708,151.2134767,4,120,4.7,Excellent,340,151,French
26,16564570,Sokyo,"The Star, Pyrmont","Level G, The Darling, The Star, 80 Pyrmont Street, Pyrmont",Sydney,-33.869338,151.19597,4,120,4.8,Excellent,1401,567,Japanese
44,17744990,The Dolar Shop Hot Pot Restaurant 豆捞坊 - 1909 Dining Precinct,"Market City, Chinatown","Shop 5&6, Level 3, 1909 Dining Precinct, Market City, 9 - 13 Hay Street, Chinatown, Haymarket, Sydney",Sydney,-33.87977166,151.2029836,4,120,4.8,Excellent,277,110,"Chinese, Hot Pot, Asian, Seafood"
84,16562375,Hugos Manly,"Manly Wharf, Manly","Shop 1, Manly Wharf, 21 East Esplanade, Manly, Sydney",Sydney,-33.7998784,151.2838901,4,130,4.7,Excellent,467,157,"Modern Australian, Tapas"
29,18241437,KOI Dessert Bar,"Kensington Street, Chippendale","46 Kensington Street, Chippendale, Sydney",Sydney,-33.88548793,151.2018051,4,150,4.8,Excellent,996,437,"Desserts, Modern Australian"
42,16567404,Ester,Chippendale,"46-52 Meagher Street, Chippendale, Sydney",Sydney,-33.8876202,151.2009686,4,150,4.8,Excellent,394,190,Modern Australian
11,15547004,Restaurant Hubert,CBD,"15 Bligh Street, CBD, Sydney",Sydney,-33.86534833,151.2106239,4,150,4.9,Excellent,590,224,"French, European"
17,16569454,LuMi Bar & Dining,Pyrmont,"56 Pirrama Road, 	Pyrmont, Pyrmont, Sydney",Sydney,-33.86713673,151.1975169,4,190,4.9,Excellent,452,196,"Italian, Japanese"
19,16564814,Sixpenny,Stanmore,"83 Percival Rd, Stanmore, Sydney",Sydney,-33.89255195,151.164735,4,280,4.9,Excellent,230,107,Modern Australian
96,16561357,Ormeggio At The Spit,"D'Albora Marinas, Mosman","D'Albora Marinas The Spit, Spit Road, Mosman, Sydney",Sydney,-33.8042246,151.2458386,4,300,4.7,Excellent,286,131,Italian
4,16559171,Tetsuya's,CBD,"529 Kent Street, CBD, Sydney",Sydney,-33.87514287,151.2049315,4,440,4.9,Excellent,1234,329,Japanese
3,16558798,Quay,Circular Quay,"Upper Level, Overseas Passenger Terminal 5 Hickson Road, Circular Quay, Sydney",Sydney,-33.85802926,151.2099704,4,500,4.9,Excellent,1366,454,Modern Australian
